X_um,abse_31nm,abse_36nm,abse_41nm
0.0,368955.5,316728.29,277344.68
0.001562497,368472.17,316260.41,276893.55
0.0015625,368472.16,316260.41,276893.55
0.003124997,371159.63,318269.72,278367.45
0.003125,371159.63,318269.72,278367.45
0.0046874974,375922.23,321872.45,281055.24
0.0046875002,375922.23,321872.46,281055.25
0.0062499973,382864.69,327165.34,285044.46
0.0062500001,382864.71,327165.35,285044.47
0.0078124972,392030.21,334192.85,290375.31
0.0078125,392030.23,334192.86,290375.32
0.0093749976,403443.63,342986.77,297077.36
0.0093750004,403443.65,342986.79,297077.37
0.010937497,417133.39,353587.05,305188.97
0.0109375,417133.42,353587.07,305188.99
0.012499997,433136.56,366047.99,314763.43
0.0125,433136.59,366048.02,314763.45
0.014062497,451495.32,380438.3,325869.79
0.0140625,451495.36,380438.33,325869.81
0.015624997,472248.07,396837.92,338591.36
0.015625,472248.11,396837.95,338591.39
0.017187497,495416.52,415333.91,353024.14
0.0171875,495416.56,415333.94,353024.16
0.018749997,520986.62,436014.31,369274.48
0.018750001,520986.67,436014.35,369274.51
0.020312496,548882.49,458960.06,387456.76
0.020312499,548882.54,458960.1,387456.8
0.021874996,578930.29,484232.67,407689.55
0.021875,578930.35,484232.72,407689.59
0.023437496,610813.31,511856.94,430090.72
0.0234375,610813.37,511857.0,430090.77
0.024999997,644021.43,541795.27,454769.33
0.025,644021.5,541795.33,454769.37
0.026562497,677811.29,573912.97,481814.34
0.026562501,677811.36,573913.04,481814.4
0.028124996,711212.72,607938.77,511282.42
0.028124999,711212.78,607938.84,511282.48
0.029687496,743136.52,643861.03,543673.81
0.0296875,743136.59,643861.11,543673.88
0.029687505,743136.68,643861.22,543673.98
0.03125,773872.7,680203.24,576921.44
0.032031246,786052.1,697829.39,595514.92
0.032031249,786052.18,697829.49,595515.02
0.032812495,798765.87,715813.46,614075.6
0.032812499,798765.92,715813.53,614075.67
0.033593748,810690.1,733504.76,633068.93
0.033593751,810690.15,733504.83,633069.0
0.034374997,821837.01,750776.03,652437.24
0.034375001,821837.05,750776.1,652437.31
0.035156246,832234.47,767492.13,672081.96
0.03515625,832234.5,767492.2,672082.03
0.035937496,841917.77,783525.6,691876.97
0.035937499,841917.8,783525.66,691877.04
0.036718745,850921.94,798762.99,711670.33
0.036718749,850921.97,798763.05,711670.4
0.037499998,859274.15,813107.03,731284.83
0.037500001,859274.18,813107.08,731284.9
0.038281247,866986.43,826474.64,750519.25
0.038281251,866986.46,826474.69,750519.33
0.039062496,874048.65,838791.22,769150.61
0.0390625,874048.67,838791.26,769150.67
0.039843746,880422.01,849981.95,786937.04
0.039843749,880422.02,849981.99,786937.1
0.040624995,886033.24,859961.53,803621.13
0.040624999,886033.25,859961.57,803621.19
0.041406248,890770.08,868624.14,818933.01
0.041406251,890770.09,868624.17,818933.06
0.042187497,894478.89,875835.42,832593.2
0.042187501,894478.9,875835.45,832593.25
0.042968746,896966.02,881428.74,844316.1
0.04296875,896966.02,881428.75,844316.14
0.043749996,898004.52,885207.8,853815.69
0.043749999,898004.52,885207.81,853815.72
0.044531245,897348.47,886957.86,860816.19
0.044531249,897348.46,886957.86,860816.21
0.045312498,894755.93,886466.7,865070.03
0.045312501,894755.92,886466.69,865070.04
0.046093747,890020.18,883554.84,866383.79
0.046093751,890020.16,883554.82,866383.79
0.046874996,883005.36,878111.08,864649.42
0.046875,883005.33,878111.06,864649.41
0.047656246,873678.94,870125.48,859873.59
0.047656249,873678.91,870125.45,859873.57
0.048437495,862130.9,859709.3,852194.92
0.048437499,862130.86,859709.26,852194.89
0.049218748,848571.01,847093.15,841879.63
0.049218751,848570.97,847093.1,841879.59
0.049999997,833303.2,832601.69,829294.06
0.050000001,833303.15,832601.64,829294.01
0.050781246,816685.34,816613.4,814861.8
0.05078125,816685.28,816613.34,814861.75
0.051562496,799087.3,799518.16,799018.72
0.051562499,799087.24,799518.1,799018.67
0.052343745,780857.15,781682.98,782176.41
0.052343749,780857.09,781682.92,782176.35
0.053124998,762299.79,763430.09,764698.52
0.053125001,762299.72,763430.02,764698.46
0.053906247,743667.16,745026.91,746889.71
0.053906251,743667.09,745026.84,746889.65
0.054687496,725157.36,726685.04,728994.12
0.0546875,725157.3,726684.97,728994.06
0.055468746,706919.11,708564.74,711199.88
0.055468749,706919.04,708564.67,711199.82
0.056249995,689058.85,690782.2,693646.63
0.056249999,689058.78,690782.13,693646.57
0.057031248,671648.62,673417.56,676434.0
0.057031251,671648.56,673417.5,676433.94
0.057812497,654733.51,656522.62,659629.83
0.057812501,654733.45,656522.55,659629.76
0.058593746,638338.14,640127.47,643277.31
0.05859375,638338.08,640127.41,643277.25
0.059374996,622472.06,624246.15,627401.09
0.059374999,622472.0,624246.09,627401.03
0.060156245,607134.0,608881.01,612012.13
0.060156249,607133.94,608880.95,612012.07
0.060937498,592315.2,594026.22,597111.48
0.060937501,592315.14,594026.16,597111.43
0.061718747,578001.85,579670.33,582693.24
0.061718751,578001.8,579670.27,582693.19
0.062499996,564176.98,565798.24,568746.73
0.0625,564176.93,565798.19,568746.68
0.063281253,550821.76,552392.65,555258.14
0.064062499,537916.44,539435.0,542211.73
0.064843751,525441.07,526906.28,529590.68
0.065624997,513375.93,514787.52,517377.75
0.06640625,501701.81,503060.09,505555.68
0.067187503,490400.19,491705.92,494107.42
0.067968749,479452.94,480707.22,483016.01
0.068750001,468840.37,470044.5,472262.47
0.069531247,458529.35,459684.51,461813.42
0.0703125,446847.12,447909.26,449865.76
0.071874991,430290.74,431313.7,433200.56
0.071874999,430290.69,431313.64,433200.5
0.073437497,411466.42,412404.16,414134.65
0.075000003,394405.05,395268.36,396861.66
0.076562501,378192.37,378988.52,380457.84
0.078125,362743.18,363479.11,364837.13
0.079687499,347979.47,348661.74,349920.49
0.081249997,333827.52,334462.29,335633.09
0.082812503,320217.5,320810.47,321903.82
0.084375001,307083.56,307639.92,308665.42
0.0859375,294365.62,294889.98,295856.18
0.087499999,282011.3,282507.6,283421.82
0.089062497,269978.69,270450.12,271318.32
0.090625003,258238.34,258687.3,259513.97
0.092187501,246774.98,247203.07,247991.26
0.09375,235587.29,235995.41,236746.83
0.095312499,224686.4,225074.87,225790.18
0.096874997,214092.18,214460.93,215140.04
0.098437503,203828.72,204177.48,204819.9
0.1,193918.5,194246.96,194852.08
0.1015625,184376.36,184684.27,185251.63
0.103125,175202.56,175489.81,176019.19
0.1046875,166375.56,166642.22,167133.71
0.10625,157843.83,158090.12,158544.1
0.1078125,149517.94,149744.19,150161.27
0.109375,141265.28,141471.95,141852.93
0.1109375,132914.31,133101.95,133447.84
0.1125,124278.51,124447.81,124759.89
0.1140625,115212.53,115364.42,115644.42
0.115625,105700.88,105836.67,106086.97
0.1171875,95942.741,96064.136,96287.903
0.11875,86344.791,86453.818,86654.791
0.1203125,77355.974,77454.627,77636.483
0.121875,69202.208,69292.051,69457.676
0.1234375,61873.195,61955.347,62106.799
0.125,55305.083,55380.405,55519.271
0.12656251,49442.128,49511.347,49638.965
0.128125,44231.913,44295.668,44413.213
0.1296875,39618.521,39677.374,39785.885
0.13124999,35542.23,35596.674,35697.057
0.1328125,31942.389,31992.849,32085.888
0.13437501,28760.467,28807.308,28893.675
0.1359375,25942.268,25985.8,26066.068
0.1375,23439.204,23479.693,23554.351
0.13906249,21209.44,21247.114,21316.583
0.140625,19360.245,19395.309,19459.965
0.14375,14887.748,14916.347,14969.08
0.15000001,11592.749,11616.345,11659.854
0.153125,9325.5358,9345.016,9380.9406
0.15625,7797.0125,7813.6144,7844.2296
0.159375,6368.7218,6382.5516,6408.057
0.16249999,5407.5645,5419.4971,5441.5025
0.16562501,4393.9654,4403.8059,4421.9543
0.16875,3719.5839,3727.9744,3743.448
0.171875,3011.7724,3018.6439,3031.3166
0.175,2539.0213,2544.8269,2555.5333
0.17812501,2056.7699,2061.5186,2070.2761
0.18125001,1730.386,1734.3832,1741.7544
0.184375,1416.0534,1419.3577,1425.4513
0.1875,1199.2084,1202.0133,1207.1856
0.190625,1018.0918,1020.5002,1024.9412
0.19374999,890.42529,892.54433,896.4517
0.19687501,802.2608,804.19546,807.76286
0.2,736.89921,738.69377,742.00277
