X_um,ex_31nm,ex_36nm,ex_41nm
0.0,3845.5367,2964.619,2243.8578
0.001562497,10298.363,8061.1898,6230.9734
0.0015625,10298.378,8061.2009,6230.982
0.003124997,20535.499,16061.307,12390.198
0.003125,20535.522,16061.324,12390.211
0.0046874974,30644.03,23975.166,18476.44
0.0046875002,30644.053,23975.184,18476.454
0.0062499973,40766.299,31945.079,24621.914
0.0062500001,40766.322,31945.097,24621.927
0.0078124972,51026.695,40101.315,30949.185
0.0078125,51026.718,40101.334,30949.199
0.0093749976,61504.87,48541.256,37553.802
0.0093750004,61504.894,48541.275,37553.816
0.010937497,72237.93,57334.436,44510.357
0.0109375,72237.955,57334.456,44510.372
0.012499997,83225.602,66530.633,51881.39
0.0125,83225.627,66530.654,51881.407
0.014062497,94430.83,76164.64,59723.607
0.0140625,94430.856,76164.661,59723.624
0.015624997,105774.35,86256.565,68090.619
0.015625,105774.37,86256.588,68090.637
0.017187497,117124.97,96809.045,77033.662
0.0171875,117124.99,96809.069,77033.682
0.018749997,128286.51,107801.3,86600.424
0.018750001,128286.54,107801.32,86600.445
0.020312496,138984.54,119180.8,96832.757
0.020312499,138984.56,119180.83,96832.78
0.021874996,148856.94,130851.93,107762.6
0.021875,148856.96,130851.95,107762.62
0.023437496,157458.22,142662.7,119406.41
0.0234375,157458.24,142662.72,119406.43
0.024999997,164290.72,154390.1,131756.91
0.025,164290.73,154390.12,131756.93
0.026562497,168879.92,165726.34,144770.53
0.026562501,168879.93,165726.36,144770.55
0.028124996,170905.01,176271.15,158348.49
0.028124999,170905.02,176271.18,158348.52
0.029687496,173898.86,189683.73,176059.68
0.0296875,173898.86,189683.76,176059.72
0.029687505,173898.83,189683.76,176059.74
0.03125,166846.07,189385.99,181356.04
0.032031246,165941.43,196015.02,193711.21
0.032031249,165941.42,196015.05,193711.26
0.032812495,164355.6,198682.22,200794.89
0.032812499,164355.59,198682.23,200794.92
0.033593748,162996.98,200953.53,207810.97
0.033593751,162996.97,200953.54,207811.0
0.034374997,162071.59,202934.51,214770.48
0.034375001,162071.58,202934.52,214770.5
0.035156246,161779.29,204757.68,221674.87
0.03515625,161779.29,204757.69,221674.9
0.035937496,162307.54,206589.54,228534.27
0.035937499,162307.53,206589.54,228534.3
0.036718745,163827.77,208626.43,235374.42
0.036718749,163827.77,208626.43,235374.45
0.037499998,166493.66,211085.74,242241.56
0.037500001,166493.67,211085.75,242241.59
0.038281247,170440.0,214194.14,249206.0
0.038281251,170440.02,214194.14,249206.02
0.039062496,175781.05,218174.1,256363.09
0.0390625,175781.07,218174.11,256363.11
0.039843746,182607.26,223229.64,263830.31
0.039843749,182607.29,223229.66,263830.33
0.040624995,190979.42,229531.54,271738.75
0.040624999,190979.44,229531.56,271738.78
0.041406248,200919.35,237201.96,280218.32
0.041406251,200919.38,237201.98,280218.34
0.042187497,212397.17,246298.15,289376.45
0.042187501,212397.21,246298.18,289376.48
0.042968746,225315.47,256795.41,299272.08
0.04296875,225315.51,256795.44,299272.11
0.043749996,239492.58,268570.53,309887.89
0.043749999,239492.63,268570.57,309887.92
0.044531245,254648.52,281388.98,321105.99
0.044531249,254648.57,281389.02,321106.02
0.045312498,270399.21,294900.66,332693.5
0.045312501,270399.26,294900.7,332693.54
0.046093747,286265.64,308650.65,344305.29
0.046093751,286265.69,308650.7,344305.32
0.046874996,301703.18,322110.03,355509.13
0.046875,301703.23,322110.07,355509.16
0.047656246,316151.63,334727.17,365833.96
0.047656249,316151.68,334727.21,365833.99
0.048437495,329098.32,345992.05,374833.05
0.048437499,329098.36,345992.08,374833.08
0.049218748,340138.43,355497.71,382146.12
0.049218751,340138.47,355497.74,382146.14
0.049999997,349014.94,362981.35,387542.23
0.050000001,349014.97,362981.37,387542.25
0.050781246,355628.23,368335.02,390932.98
0.05078125,355628.25,368335.04,390932.99
0.051562496,360018.16,371588.75,392358.24
0.051562499,360018.18,371588.76,392358.24
0.052343745,362329.62,372876.84,391955.05
0.052343749,362329.62,372876.84,391955.05
0.053124998,362773.73,372399.81,389921.66
0.053125001,362773.73,372399.8,389921.65
0.053906247,361593.38,370390.28,386485.2
0.053906251,361593.37,370390.27,386485.19
0.054687496,359036.98,367087.07,381877.06
0.0546875,359036.97,367087.06,381877.04
0.055468746,355341.08,362717.95,376316.57
0.055468749,355341.07,362717.94,376316.55
0.056249995,350720.5,357489.77,370001.8
0.056249999,350720.48,357489.75,370001.78
0.057031248,345363.87,351584.07,363105.62
0.057031251,345363.86,351584.05,363105.59
0.057812497,339432.99,345156.32,355775.1
0.057812501,339432.97,345156.29,355775.07
0.058593746,333064.17,338337.22,348133.1
0.05859375,333064.15,338337.2,348133.07
0.059374996,326370.79,331235.22,340280.74
0.059374999,326370.76,331235.2,340280.71
0.060156245,319446.19,323939.31,332300.27
0.060156249,319446.17,323939.28,332300.25
0.060937498,312366.66,316521.89,324257.99
0.060937501,312366.63,316521.87,324257.96
0.061718747,305194.09,309041.48,316206.79
0.061718751,305194.07,309041.45,316206.76
0.062499996,297978.46,301545.01,308188.56
0.0625,297978.43,301544.98,308188.53
0.063281253,290759.83,294069.88,300236.13
0.064062499,283570.19,286645.7,392374.97
0.064843751,276434.86,279295.68,284624.56
0.065624997,269373.78,272037.87,276999.6
0.06640625,262402.42,264886.06,269510.86
0.067187503,255532.61,257850.59,262165.94
0.067968749,248772.83,250938.57,254969.49
0.068750001,242126.9,244152.58,247921.78
0.069531247,235583.83,237480.27,241007.95
0.0703125,225291.43,227012.62,230213.18
0.071874991,218501.08,220063.96,222967.77
0.071874999,218501.06,220063.94,222967.74
0.073437497,204736.54,206121.02,208692.37
0.075000003,193275.83,194506.9,196791.8
0.076562501,182243.22,183342.9,185382.57
0.078125,171603.7,172590.59,174419.91
0.079687499,161321.74,162211.56,163859.93
0.081249997,151363.43,152169.39,153661.52
0.082812503,141699.2,142432.25,143788.72
0.084375001,132306.07,132975.21,134212.86
0.0859375,123170.11,123782.52,124914.87
0.087499999,114287.89,114849.18,115886.76
0.089062497,105667.02,106181.42,107132.2
0.090625003,97324.73,97795.362,98665.254
0.092187501,89284.85,89714.047,90507.435
0.09375,81573.081,81962.692,82683.031
0.095312499,74211.558,74563.237,75213.588
0.096874997,67213.166,67528.598,68112.056
0.098437503,60576.925,60857.963,61377.918
0.1,54284.604,54533.319,54993.562
0.1015625,48299.193,48517.853,48922.54
0.103125,42565.0,42756.002,43109.537
0.1046875,37010.29,37176.085,37482.979
0.10625,31553.605,31696.631,31961.384
0.1078125,26116.776,26239.424,26466.456
0.109375,20648.13,20752.748,20946.4
0.1109375,15158.916,15247.839,15412.433
0.1125,9768.5134,9844.1016,9984.0103
0.1140625,4737.8754,4802.5192,4922.1662
0.115625,447.95957,503.99331,607.69779
0.1171875,-2720.6141,-2671.0984,-2579.4672
0.11875,-4584.9166,-4540.2948,-4457.7338
0.1203125,-5294.6896,-5253.9185,-5178.4983
0.121875,-5231.3063,-5193.7881,-5124.4023
0.1234375,-4722.0082,-4687.3094,-4623.1544
0.125,-3944.8024,-3912.525,-3852.8627
0.12656251,-3015.3234,-2985.0999,-2929.2484
0.128125,-2021.2647,-1992.7781,-1940.149
0.1296875,-1029.7423,-1002.7366,-952.85483
0.13124999,-88.915472,-63.194789,-15.696256
0.1328125,769.76818,794.34762,839.73038
0.13437501,1528.2943,1551.8342,1595.2906
0.1359375,2178.6697,2201.2395,2242.8993
0.1375,2720.0656,2741.7109,2781.6598
0.13906249,3157.4683,3178.2188,3216.5122
0.140625,3531.1785,3550.5233,3586.2185
0.14375,3942.4081,3959.2304,3990.2677
0.15000001,4777.3683,4793.166,4822.3042
0.153125,3860.5845,3873.7739,3898.103
0.15625,3727.1917,3738.8397,3760.3244
0.159375,3150.1266,3160.0032,3178.221
0.16249999,3041.5274,3050.3577,3066.6448
0.16562501,2539.8125,2547.2117,2560.8596
0.16875,2359.112,2365.6219,2377.6287
0.171875,1959.6874,1965.1048,1975.0965
0.175,1777.1037,1781.8182,1790.5133
0.17812501,1482.8029,1486.733,1493.9815
0.18125001,1330.5827,1333.9953,1340.289
0.184375,1132.7091,1135.6027,1140.939
0.1875,1022.7817,1025.3265,1030.0193
0.190625,910.38091,912.63271,916.78509
0.19374999,845.45913,847.51187,851.29702
0.19687501,779.97196,781.87446,785.38254
0.2,735.21412,737.00618,740.31057
